400,800,400
3.0,0.0,0.0
2.9510565162951536,0.0,0.3090169943749474
2.8090169943749475,0.0,0.5877852522924731
2.5877852522924734,0.0,0.8090169943749475
2.3090169943749475,0.0,0.9510565162951535
2.0,0.0,1.0
1.6909830056250525,0.0,0.9510565162951536
1.412214747707527,0.0,0.8090169943749475
1.1909830056250525,0.0,0.5877852522924732
1.0489434837048464,0.0,0.3090169943749475
1.0,0.0,1.2246467991473532e-16
1.0489434837048464,0.0,-0.30901699437494773
1.1909830056250525,0.0,-0.587785252292473
1.4122147477075266,0.0,-0.8090169943749473
1.6909830056250525,0.0,-0.9510565162951535
1.9999999999999998,0.0,-1.0
2.3090169943749475,0.0,-0.9510565162951536
2.587785252292473,0.0,-0.8090169943749476
2.8090169943749475,0.0,-0.5877852522924734
2.9510565162951536,0.0,-0.3090169943749477
2.8531695488854605,0.9270509831248421,0.0
2.8066215297777806,0.9119266148961314,0.3090169943749474
2.6715339168841203,0.8680339887498948,0.5877852522924731
2.4611300269652547,0.799669620751235,0.8090169943749475
2.1960056587365435,0.7135254915624211,0.9510565162951535
1.902113032590307,0.6180339887498948,1.0
1.6082204064440706,0.5225424859373685,0.9510565162951536
1.3430960382153598,0.43639835674855465,0.8090169943749475
1.1326921482964938,0.36803398874989485,0.5877852522924732
0.9976045354028334,0.3241413626036583,0.3090169943749475
0.9510565162951535,0.3090169943749474,1.2246467991473532e-16
0.9976045354028334,0.3241413626036583,-0.30901699437494773
1.1326921482964938,0.3680339887498948,-0.587785252292473
1.3430960382153594,0.43639835674855454,-0.8090169943749473
1.6082204064440704,0.5225424859373685,-0.9510565162951535
1.9021130325903068,0.6180339887498947,-1.0
2.1960056587365435,0.713525491562421,-0.9510565162951536
2.4611300269652543,0.7996696207512349,-0.8090169943749476
2.6715339168841203,0.8680339887498947,-0.5877852522924734
2.8066215297777806,0.9119266148961314,-0.3090169943749477
2.4270509831248424,1.7633557568774194,0.0
2.3874548730437084,1.7345874989598937,0.3090169943749474
2.2725424859373686,1.651098762732523,0.5877852522924731
2.0935622468974717,1.5210620073974725,0.8090169943749475
1.868033988749895,1.3572061365862864,0.9510565162951535
1.618033988749895,1.1755705045849463,1.0
1.368033988749895,0.9939348725836061,0.9510565162951536
1.142505730602318,0.83007900177242,0.8090169943749475
0.9635254915624213,0.7000422464373695,0.5877852522924732
0.8486131044560815,0.6165535102099988,0.3090169943749475
0.8090169943749475,0.5877852522924731,1.2246467991473532e-16
0.8486131044560815,0.6165535102099988,-0.30901699437494773
0.9635254915624212,0.7000422464373695,-0.587785252292473
1.142505730602318,0.8300790017724199,-0.8090169943749473
1.368033988749895,0.9939348725836059,-0.9510565162951535
1.6180339887498947,1.1755705045849463,-1.0
1.8680339887498947,1.3572061365862864,-0.9510565162951536
2.0935622468974717,1.5210620073974725,-0.8090169943749476
2.2725424859373686,1.651098762732523,-0.5877852522924734
2.3874548730437084,1.7345874989598937,-0.3090169943749477
1.7633557568774194,2.4270509831248424,0.0
1.7345874989598937,2.3874548730437084,0.3090169943749474
1.651098762732523,2.2725424859373686,0.5877852522924731
1.5210620073974725,2.0935622468974717,0.8090169943749475
1.3572061365862864,1.868033988749895,0.9510565162951535
1.1755705045849463,1.618033988749895,1.0
0.9939348725836061,1.368033988749895,0.9510565162951536
0.83007900177242,1.142505730602318,0.8090169943749475
0.7000422464373695,0.9635254915624213,0.5877852522924732
0.6165535102099988,0.8486131044560815,0.3090169943749475
0.5877852522924731,0.8090169943749475,1.2246467991473532e-16
0.6165535102099988,0.8486131044560815,-0.30901699437494773
0.7000422464373695,0.9635254915624212,-0.587785252292473
0.8300790017724199,1.142505730602318,-0.8090169943749473
0.9939348725836059,1.368033988749895,-0.9510565162951535
1.1755705045849463,1.6180339887498947,-1.0
1.3572061365862864,1.8680339887498947,-0.9510565162951536
1.5210620073974725,2.0935622468974717,-0.8090169943749476
1.651098762732523,2.2725424859373686,-0.5877852522924734
1.7345874989598937,2.3874548730437084,-0.3090169943749477
0.9270509831248424,2.8531695488854605,0.0
0.9119266148961315,2.8066215297777806,0.3090169943749474
0.8680339887498949,2.6715339168841203,0.5877852522924731
0.7996696207512352,2.4611300269652547,0.8090169943749475
0.7135254915624212,2.1960056587365435,0.9510565162951535
0.6180339887498949,1.902113032590307,1.0
0.5225424859373686,1.6082204064440706,0.9510565162951536
0.4363983567485547,1.3430960382153598,0.8090169943749475
0.3680339887498949,1.1326921482964938,0.5877852522924732
0.32414136260365833,0.9976045354028334,0.3090169943749475
0.30901699437494745,0.9510565162951535,1.2246467991473532e-16
0.32414136260365833,0.9976045354028334,-0.30901699437494773
0.36803398874989485,1.1326921482964938,-0.587785252292473
0.43639835674855465,1.3430960382153594,-0.8090169943749473
0.5225424859373685,1.6082204064440704,-0.9510565162951535
0.6180339887498948,1.9021130325903068,-1.0
0.7135254915624212,2.1960056587365435,-0.9510565162951536
0.799669620751235,2.4611300269652543,-0.8090169943749476
0.8680339887498949,2.6715339168841203,-0.5877852522924734
0.9119266148961315,2.8066215297777806,-0.3090169943749477
1.8369701987210297e-16,3.0,0.0
1.8070009583918993e-16,2.9510565162951536,0.3090169943749474
1.7200268354558991e-16,2.8090169943749475,0.5877852522924731
1.5845614630503515e-16,2.5877852522924734,0.8090169943749475
1.4138651356690608e-16,2.3090169943749475,0.9510565162951535
1.2246467991473532e-16,2.0,1.0
1.0354284626256458e-16,1.6909830056250525,0.9510565162951536
8.64732135244355e-17,1.412214747707527,0.8090169943749475
7.292667628388075e-17,1.1909830056250525,0.5877852522924732
6.42292639902807e-17,1.0489434837048464,0.3090169943749475
6.123233995736766e-17,1.0,1.2246467991473532e-16
6.42292639902807e-17,1.0489434837048464,-0.30901699437494773
7.292667628388074e-17,1.1909830056250525,-0.587785252292473
8.647321352443548e-17,1.4122147477075266,-0.8090169943749473
1.0354284626256456e-16,1.6909830056250525,-0.9510565162951535
1.2246467991473532e-16,1.9999999999999998,-1.0
1.4138651356690605e-16,2.3090169943749475,-0.9510565162951536
1.5845614630503515e-16,2.587785252292473,-0.8090169943749476
1.720026835455899e-16,2.8090169943749475,-0.5877852522924734
1.8070009583918993e-16,2.9510565162951536,-0.3090169943749477
-0.927050983124842,2.853169548885461,0.0
-0.9119266148961311,2.806621529777781,0.3090169943749474
-0.8680339887498947,2.671533916884121,0.5877852522924731
-0.7996696207512348,2.4611300269652547,0.8090169943749475
-0.713525491562421,2.196005658736544,0.9510565162951535
-0.6180339887498947,1.9021130325903073,1.0
-0.5225424859373684,1.6082204064440708,0.9510565162951536
-0.43639835674855454,1.3430960382153598,0.8090169943749475
-0.3680339887498948,1.132692148296494,0.5877852522924732
-0.3241413626036582,0.9976045354028336,0.3090169943749475
-0.30901699437494734,0.9510565162951536,1.2246467991473532e-16
-0.3241413626036582,0.9976045354028336,-0.30901699437494773
-0.36803398874989474,1.1326921482964938,-0.587785252292473
-0.4363983567485545,1.3430960382153598,-0.8090169943749473
-0.5225424859373684,1.6082204064440706,-0.9510565162951535
-0.6180339887498946,1.902113032590307,-1.0
-0.7135254915624208,2.1960056587365435,-0.9510565162951536
-0.7996696207512348,2.4611300269652547,-0.8090169943749476
-0.8680339887498946,2.671533916884121,-0.5877852522924734
-0.9119266148961311,2.806621529777781,-0.3090169943749477
-1.7633557568774192,2.4270509831248424,0.0
-1.7345874989598933,2.3874548730437084,0.3090169943749474
-1.6510987627325227,2.2725424859373686,0.5877852522924731
-1.5210620073974723,2.0935622468974717,0.8090169943749475
-1.3572061365862862,1.868033988749895,0.9510565162951535
-1.175570504584946,1.618033988749895,1.0
-0.9939348725836059,1.368033988749895,0.9510565162951536
-0.8300790017724199,1.142505730602318,0.8090169943749475
-0.7000422464373695,0.9635254915624213,0.5877852522924732
-0.6165535102099987,0.8486131044560815,0.3090169943749475
-0.587785252292473,0.8090169943749475,1.2246467991473532e-16
-0.6165535102099987,0.8486131044560815,-0.30901699437494773
-0.7000422464373693,0.9635254915624212,-0.587785252292473
-0.8300790017724198,1.142505730602318,-0.8090169943749473
-0.9939348725836058,1.368033988749895,-0.9510565162951535
-1.175570504584946,1.6180339887498947,-1.0
-1.3572061365862862,1.8680339887498947,-0.9510565162951536
-1.521062007397472,2.0935622468974717,-0.8090169943749476
-1.6510987627325227,2.2725424859373686,-0.5877852522924734
-1.7345874989598933,2.3874548730437084,-0.3090169943749477
-2.427050983124842,1.7633557568774196,0.0
-2.387454873043708,1.7345874989598942,0.3090169943749474
-2.272542485937368,1.6510987627325233,0.5877852522924731
-2.0935622468974713,1.521062007397473,0.8090169943749475
-1.8680339887498947,1.3572061365862869,0.9510565162951535
-1.6180339887498947,1.1755705045849465,1.0
-1.3680339887498947,0.9939348725836064,0.9510565162951536
-1.142505730602318,0.8300790017724202,0.8090169943749475
-0.9635254915624211,0.7000422464373697,0.5877852522924732
-0.8486131044560814,0.6165535102099989,0.3090169943749475
-0.8090169943749473,0.5877852522924732,1.2246467991473532e-16
-0.8486131044560814,0.6165535102099989,-0.30901699437494773
-0.9635254915624211,0.7000422464373697,-0.587785252292473
-1.1425057306023179,0.83007900177242,-0.8090169943749473
-1.3680339887498945,0.9939348725836061,-0.9510565162951535
-1.6180339887498945,1.1755705045849465,-1.0
-1.8680339887498945,1.3572061365862866,-0.9510565162951536
-2.0935622468974713,1.5210620073974728,-0.8090169943749476
-2.272542485937368,1.6510987627325233,-0.5877852522924734
-2.387454873043708,1.7345874989598942,-0.3090169943749477
-2.8531695488854605,0.9270509831248426,0.0
-2.8066215297777806,0.9119266148961316,0.3090169943749474
-2.6715339168841203,0.8680339887498951,0.5877852522924731
-2.4611300269652547,0.7996696207512353,0.8090169943749475
-2.1960056587365435,0.7135254915624213,0.9510565162951535
-1.902113032590307,0.618033988749895,1.0
-1.6082204064440706,0.5225424859373687,0.9510565162951536
-1.3430960382153598,0.43639835674855476,0.8090169943749475
-1.1326921482964938,0.36803398874989496,0.5877852522924732
-0.9976045354028334,0.3241413626036584,0.3090169943749475
-0.9510565162951535,0.3090169943749475,1.2246467991473532e-16
-0.9976045354028334,0.3241413626036584,-0.30901699437494773
-1.1326921482964938,0.36803398874989496,-0.587785252292473
-1.3430960382153594,0.4363983567485547,-0.8090169943749473
-1.6082204064440704,0.5225424859373686,-0.9510565162951535
-1.9021130325903068,0.6180339887498949,-1.0
-2.1960056587365435,0.7135254915624213,-0.9510565162951536
-2.4611300269652543,0.7996696207512353,-0.8090169943749476
-2.6715339168841203,0.8680339887498951,-0.5877852522924734
-2.8066215297777806,0.9119266148961316,-0.3090169943749477
-3.0,3.6739403974420594e-16,0.0
-2.9510565162951536,3.6140019167837985e-16,0.3090169943749474
-2.8090169943749475,3.4400536709117983e-16,0.5877852522924731
-2.5877852522924734,3.169122926100703e-16,0.8090169943749475
-2.3090169943749475,2.8277302713381215e-16,0.9510565162951535
-2.0,2.4492935982947064e-16,1.0
-1.6909830056250525,2.0708569252512915e-16,0.9510565162951536
-1.412214747707527,1.72946427048871e-16,0.8090169943749475
-1.1909830056250525,1.458533525677615e-16,0.5877852522924732
-1.0489434837048464,1.284585279805614e-16,0.3090169943749475
-1.0,1.2246467991473532e-16,1.2246467991473532e-16
-1.0489434837048464,1.284585279805614e-16,-0.30901699437494773
-1.1909830056250525,1.4585335256776148e-16,-0.587785252292473
-1.4122147477075266,1.7294642704887097e-16,-0.8090169943749473
-1.6909830056250525,2.0708569252512913e-16,-0.9510565162951535
-1.9999999999999998,2.4492935982947064e-16,-1.0
-2.3090169943749475,2.827730271338121e-16,-0.9510565162951536
-2.587785252292473,3.169122926100703e-16,-0.8090169943749476
-2.8090169943749475,3.440053670911798e-16,-0.5877852522924734
-2.9510565162951536,3.6140019167837985e-16,-0.3090169943749477
-2.8531695488854605,-0.9270509831248432,0.0
-2.8066215297777806,-0.9119266148961322,0.3090169943749474
-2.6715339168841203,-0.8680339887498958,0.5877852522924731
-2.4611300269652547,-0.7996696207512358,0.8090169943749475
-2.1960056587365435,-0.7135254915624218,0.9510565162951535
-1.902113032590307,-0.6180339887498955,1.0
-1.6082204064440706,-0.5225424859373691,0.9510565162951536
-1.3430960382153598,-0.4363983567485551,0.8090169943749475
-1.1326921482964938,-0.36803398874989524,0.5877852522924732
-0.9976045354028334,-0.3241413626036586,0.3090169943749475
-0.9510565162951535,-0.30901699437494773,1.2246467991473532e-16
-0.9976045354028334,-0.3241413626036586,-0.30901699437494773
-1.1326921482964938,-0.3680339887498952,-0.587785252292473
-1.3430960382153594,-0.436398356748555,-0.8090169943749473
-1.6082204064440704,-0.5225424859373691,-0.9510565162951535
-1.9021130325903068,-0.6180339887498953,-1.0
-2.1960056587365435,-0.7135254915624217,-0.9510565162951536
-2.4611300269652543,-0.7996696207512358,-0.8090169943749476
-2.6715339168841203,-0.8680339887498957,-0.5877852522924734
-2.8066215297777806,-0.9119266148961322,-0.3090169943749477
-2.4270509831248424,-1.7633557568774192,0.0
-2.3874548730437084,-1.7345874989598933,0.3090169943749474
-2.2725424859373686,-1.6510987627325227,0.5877852522924731
-2.0935622468974717,-1.5210620073974723,0.8090169943749475
-1.868033988749895,-1.3572061365862862,0.9510565162951535
-1.618033988749895,-1.175570504584946,1.0
-1.368033988749895,-0.9939348725836059,0.9510565162951536
-1.142505730602318,-0.8300790017724199,0.8090169943749475
-0.9635254915624213,-0.7000422464373695,0.5877852522924732
-0.8486131044560815,-0.6165535102099987,0.3090169943749475
-0.8090169943749475,-0.587785252292473,1.2246467991473532e-16
-0.8486131044560815,-0.6165535102099987,-0.30901699437494773
-0.9635254915624212,-0.7000422464373693,-0.587785252292473
-1.142505730602318,-0.8300790017724198,-0.8090169943749473
-1.368033988749895,-0.9939348725836058,-0.9510565162951535
-1.6180339887498947,-1.175570504584946,-1.0
-1.8680339887498947,-1.3572061365862862,-0.9510565162951536
-2.0935622468974717,-1.521062007397472,-0.8090169943749476
-2.2725424859373686,-1.6510987627325227,-0.5877852522924734
-2.3874548730437084,-1.7345874989598933,-0.3090169943749477
-1.7633557568774196,-2.427050983124842,0.0
-1.7345874989598942,-2.387454873043708,0.3090169943749474
-1.6510987627325233,-2.272542485937368,0.5877852522924731
-1.521062007397473,-2.0935622468974713,0.8090169943749475
-1.3572061365862869,-1.8680339887498947,0.9510565162951535
-1.1755705045849465,-1.6180339887498947,1.0
-0.9939348725836064,-1.3680339887498947,0.9510565162951536
-0.8300790017724202,-1.142505730602318,0.8090169943749475
-0.7000422464373697,-0.9635254915624211,0.5877852522924732
-0.6165535102099989,-0.8486131044560814,0.3090169943749475
-0.5877852522924732,-0.8090169943749473,1.2246467991473532e-16
-0.6165535102099989,-0.8486131044560814,-0.30901699437494773
-0.7000422464373697,-0.9635254915624211,-0.587785252292473
-0.83007900177242,-1.1425057306023179,-0.8090169943749473
-0.9939348725836061,-1.3680339887498945,-0.9510565162951535
-1.1755705045849465,-1.6180339887498945,-1.0
-1.3572061365862866,-1.8680339887498945,-0.9510565162951536
-1.5210620073974728,-2.0935622468974713,-0.8090169943749476
-1.6510987627325233,-2.272542485937368,-0.5877852522924734
-1.7345874989598942,-2.387454873043708,-0.3090169943749477
-0.9270509831248427,-2.8531695488854605,0.0
-0.9119266148961318,-2.8066215297777806,0.3090169943749474
-0.8680339887498952,-2.6715339168841203,0.5877852522924731
-0.7996696207512355,-2.4611300269652547,0.8090169943749475
-0.7135254915624215,-2.1960056587365435,0.9510565162951535
-0.6180339887498951,-1.902113032590307,1.0
-0.5225424859373689,-1.6082204064440706,0.9510565162951536
-0.43639835674855487,-1.3430960382153598,0.8090169943749475
-0.368033988749895,-1.1326921482964938,0.5877852522924732
-0.32414136260365844,-0.9976045354028334,0.3090169943749475
-0.30901699437494756,-0.9510565162951535,1.2246467991473532e-16
-0.32414136260365844,-0.9976045354028334,-0.30901699437494773
-0.368033988749895,-1.1326921482964938,-0.587785252292473
-0.43639835674855476,-1.3430960382153594,-0.8090169943749473
-0.5225424859373687,-1.6082204064440704,-0.9510565162951535
-0.618033988749895,-1.9021130325903068,-1.0
-0.7135254915624214,-2.1960056587365435,-0.9510565162951536
-0.7996696207512354,-2.4611300269652543,-0.8090169943749476
-0.8680339887498952,-2.6715339168841203,-0.5877852522924734
-0.9119266148961318,-2.8066215297777806,-0.3090169943749477
-5.51091059616309e-16,-3.0,0.0
-5.421002875175697e-16,-2.9510565162951536,0.3090169943749474
-5.160080506367696e-16,-2.8090169943749475,0.5877852522924731
-4.753684389151054e-16,-2.5877852522924734,0.8090169943749475
-4.241595407007182e-16,-2.3090169943749475,0.9510565162951535
-3.6739403974420594e-16,-2.0,1.0
-3.106285387876937e-16,-1.6909830056250525,0.9510565162951536
-2.594196405733065e-16,-1.412214747707527,0.8090169943749475
-2.187800288516422e-16,-1.1909830056250525,0.5877852522924732
-1.926877919708421e-16,-1.0489434837048464,0.3090169943749475
-1.8369701987210297e-16,-1.0,1.2246467991473532e-16
-1.926877919708421e-16,-1.0489434837048464,-0.30901699437494773
-2.187800288516422e-16,-1.1909830056250525,-0.587785252292473
-2.5941964057330644e-16,-1.4122147477075266,-0.8090169943749473
-3.106285387876937e-16,-1.6909830056250525,-0.9510565162951535
-3.673940397442059e-16,-1.9999999999999998,-1.0
-4.241595407007182e-16,-2.3090169943749475,-0.9510565162951536
-4.753684389151054e-16,-2.587785252292473,-0.8090169943749476
-5.160080506367696e-16,-2.8090169943749475,-0.5877852522924734
-5.421002875175697e-16,-2.9510565162951536,-0.3090169943749477
0.9270509831248417,-2.853169548885461,0.0
0.9119266148961308,-2.806621529777781,0.3090169943749474
0.8680339887498943,-2.671533916884121,0.5877852522924731
0.7996696207512346,-2.4611300269652547,0.8090169943749475
0.7135254915624207,-2.196005658736544,0.9510565162951535
0.6180339887498945,-1.9021130325903073,1.0
0.5225424859373683,-1.6082204064440708,0.9510565162951536
0.4363983567485544,-1.3430960382153598,0.8090169943749475
0.3680339887498947,-1.132692148296494,0.5877852522924732
0.3241413626036581,-0.9976045354028336,0.3090169943749475
0.30901699437494723,-0.9510565162951536,1.2246467991473532e-16
0.3241413626036581,-0.9976045354028336,-0.30901699437494773
0.36803398874989457,-1.1326921482964938,-0.587785252292473
0.4363983567485543,-1.3430960382153598,-0.8090169943749473
0.5225424859373682,-1.6082204064440706,-0.9510565162951535
0.6180339887498943,-1.902113032590307,-1.0
0.7135254915624206,-2.1960056587365435,-0.9510565162951536
0.7996696207512345,-2.4611300269652547,-0.8090169943749476
0.8680339887498942,-2.671533916884121,-0.5877852522924734
0.9119266148961308,-2.806621529777781,-0.3090169943749477
1.7633557568774187,-2.427050983124843,0.0
1.734587498959893,-2.3874548730437084,0.3090169943749474
1.6510987627325224,-2.272542485937369,0.5877852522924731
1.521062007397472,-2.093562246897472,0.8090169943749475
1.357206136586286,-1.8680339887498951,0.9510565162951535
1.1755705045849458,-1.6180339887498951,1.0
0.9939348725836057,-1.3680339887498951,0.9510565162951536
0.8300790017724198,-1.1425057306023183,0.8090169943749475
0.7000422464373692,-0.9635254915624214,0.5877852522924732
0.6165535102099986,-0.8486131044560816,0.3090169943749475
0.5877852522924729,-0.8090169943749476,1.2246467991473532e-16
0.6165535102099986,-0.8486131044560816,-0.30901699437494773
0.7000422464373692,-0.9635254915624213,-0.587785252292473
0.8300790017724196,-1.142505730602318,-0.8090169943749473
0.9939348725836056,-1.368033988749895,-0.9510565162951535
1.1755705045849458,-1.618033988749895,-1.0
1.357206136586286,-1.868033988749895,-0.9510565162951536
1.5210620073974719,-2.0935622468974717,-0.8090169943749476
1.6510987627325224,-2.272542485937369,-0.5877852522924734
1.734587498959893,-2.3874548730437084,-0.3090169943749477
2.427050983124842,-1.76335575687742,0.0
2.387454873043708,-1.7345874989598944,0.3090169943749474
2.272542485937368,-1.6510987627325238,0.5877852522924731
2.0935622468974713,-1.5210620073974732,0.8090169943749475
1.8680339887498947,-1.357206136586287,0.9510565162951535
1.6180339887498947,-1.1755705045849467,1.0
1.3680339887498947,-0.9939348725836065,0.9510565162951536
1.142505730602318,-0.8300790017724203,0.8090169943749475
0.9635254915624211,-0.7000422464373698,0.5877852522924732
0.8486131044560814,-0.616553510209999,0.3090169943749475
0.8090169943749473,-0.5877852522924734,1.2246467991473532e-16
0.8486131044560814,-0.616553510209999,-0.30901699437494773
0.9635254915624211,-0.7000422464373697,-0.587785252292473
1.1425057306023179,-0.8300790017724202,-0.8090169943749473
1.3680339887498945,-0.9939348725836064,-0.9510565162951535
1.6180339887498945,-1.1755705045849467,-1.0
1.8680339887498945,-1.3572061365862869,-0.9510565162951536
2.0935622468974713,-1.521062007397473,-0.8090169943749476
2.272542485937368,-1.6510987627325235,-0.5877852522924734
2.387454873043708,-1.7345874989598944,-0.3090169943749477
2.8531695488854605,-0.927050983124843,0.0
2.8066215297777806,-0.9119266148961321,0.3090169943749474
2.6715339168841203,-0.8680339887498956,0.5877852522924731
2.4611300269652547,-0.7996696207512357,0.8090169943749475
2.1960056587365435,-0.7135254915624217,0.9510565162951535
1.902113032590307,-0.6180339887498953,1.0
1.6082204064440706,-0.522542485937369,0.9510565162951536
1.3430960382153598,-0.436398356748555,0.8090169943749475
1.1326921482964938,-0.3680339887498952,0.5877852522924732
0.9976045354028334,-0.32414136260365856,0.3090169943749475
0.9510565162951535,-0.3090169943749477,1.2246467991473532e-16
0.9976045354028334,-0.32414136260365856,-0.30901699437494773
1.1326921482964938,-0.3680339887498951,-0.587785252292473
1.3430960382153594,-0.436398356748555,-0.8090169943749473
1.6082204064440704,-0.522542485937369,-0.9510565162951535
1.9021130325903068,-0.6180339887498952,-1.0
2.1960056587365435,-0.7135254915624216,-0.9510565162951536
2.4611300269652543,-0.7996696207512357,-0.8090169943749476
2.6715339168841203,-0.8680339887498956,-0.5877852522924734
2.8066215297777806,-0.9119266148961321,-0.3090169943749477
0,20
0,380
0,1
0,19
1,21
1,381
1,2
2,22
2,382
2,3
3,23
3,383
3,4
4,24
4,384
4,5
5,25
5,385
5,6
6,26
6,386
6,7
7,27
7,387
7,8
8,28
8,388
8,9
9,29
9,389
9,10
10,30
10,390
10,11
11,31
11,391
11,12
12,32
12,392
12,13
13,33
13,393
13,14
14,34
14,394
14,15
15,35
15,395
15,16
16,36
16,396
16,17
17,37
17,397
17,18
18,38
18,398
18,19
19,39
19,399
20,40
20,21
20,39
21,41
21,22
22,42
22,23
23,43
23,24
24,44
24,25
25,45
25,26
26,46
26,27
27,47
27,28
28,48
28,29
29,49
29,30
30,50
30,31
31,51
31,32
32,52
32,33
33,53
33,34
34,54
34,35
35,55
35,36
36,56
36,37
37,57
37,38
38,58
38,39
39,59
40,60
40,41
40,59
41,61
41,42
42,62
42,43
43,63
43,44
44,64
44,45
45,65
45,46
46,66
46,47
47,67
47,48
48,68
48,49
49,69
49,50
50,70
50,51
51,71
51,52
52,72
52,53
53,73
53,54
54,74
54,55
55,75
55,56
56,76
56,57
57,77
57,58
58,78
58,59
59,79
60,80
60,61
60,79
61,81
61,62
62,82
62,63
63,83
63,64
64,84
64,65
65,85
65,66
66,86
66,67
67,87
67,68
68,88
68,69
69,89
69,70
70,90
70,71
71,91
71,72
72,92
72,73
73,93
73,74
74,94
74,75
75,95
75,76
76,96
76,77
77,97
77,78
78,98
78,79
79,99
80,100
80,81
80,99
81,101
81,82
82,102
82,83
83,103
83,84
84,104
84,85
85,105
85,86
86,106
86,87
87,107
87,88
88,108
88,89
89,109
89,90
90,110
90,91
91,111
91,92
92,112
92,93
93,113
93,94
94,114
94,95
95,115
95,96
96,116
96,97
97,117
97,98
98,118
98,99
99,119
100,120
100,101
100,119
101,121
101,102
102,122
102,103
103,123
103,104
104,124
104,105
105,125
105,106
106,126
106,107
107,127
107,108
108,128
108,109
109,129
109,110
110,130
110,111
111,131
111,112
112,132
112,113
113,133
113,114
114,134
114,115
115,135
115,116
116,136
116,117
117,137
117,118
118,138
118,119
119,139
120,140
120,121
120,139
121,141
121,122
122,142
122,123
123,143
123,124
124,144
124,125
125,145
125,126
126,146
126,127
127,147
127,128
128,148
128,129
129,149
129,130
130,150
130,131
131,151
131,132
132,152
132,133
133,153
133,134
134,154
134,135
135,155
135,136
136,156
136,137
137,157
137,138
138,158
138,139
139,159
140,160
140,141
140,159
141,161
141,142
142,162
142,143
143,163
143,144
144,164
144,145
145,165
145,146
146,166
146,147
147,167
147,148
148,168
148,149
149,169
149,150
150,170
150,151
151,171
151,152
152,172
152,153
153,173
153,154
154,174
154,155
155,175
155,156
156,176
156,157
157,177
157,158
158,178
158,159
159,179
160,180
160,161
160,179
161,181
161,162
162,182
162,163
163,183
163,164
164,184
164,165
165,185
165,166
166,186
166,167
167,187
167,168
168,188
168,169
169,189
169,170
170,190
170,171
171,191
171,172
172,192
172,173
173,193
173,174
174,194
174,175
175,195
175,176
176,196
176,177
177,197
177,178
178,198
178,179
179,199
180,200
180,181
180,199
181,201
181,182
182,202
182,183
183,203
183,184
184,204
184,185
185,205
185,186
186,206
186,187
187,207
187,188
188,208
188,189
189,209
189,190
190,210
190,191
191,211
191,192
192,212
192,193
193,213
193,194
194,214
194,195
195,215
195,196
196,216
196,197
197,217
197,198
198,218
198,199
199,219
200,220
200,201
200,219
201,221
201,202
202,222
202,203
203,223
203,204
204,224
204,205
205,225
205,206
206,226
206,207
207,227
207,208
208,228
208,209
209,229
209,210
210,230
210,211
211,231
211,212
212,232
212,213
213,233
213,214
214,234
214,215
215,235
215,216
216,236
216,217
217,237
217,218
218,238
218,219
219,239
220,240
220,221
220,239
221,241
221,222
222,242
222,223
223,243
223,224
224,244
224,225
225,245
225,226
226,246
226,227
227,247
227,228
228,248
228,229
229,249
229,230
230,250
230,231
231,251
231,232
232,252
232,233
233,253
233,234
234,254
234,235
235,255
235,236
236,256
236,237
237,257
237,238
238,258
238,239
239,259
240,260
240,241
240,259
241,261
241,242
242,262
242,243
243,263
243,244
244,264
244,245
245,265
245,246
246,266
246,247
247,267
247,248
248,268
248,249
249,269
249,250
250,270
250,251
251,271
251,252
252,272
252,253
253,273
253,254
254,274
254,255
255,275
255,256
256,276
256,257
257,277
257,258
258,278
258,259
259,279
260,280
260,261
260,279
261,281
261,262
262,282
262,263
263,283
263,264
264,284
264,265
265,285
265,266
266,286
266,267
267,287
267,268
268,288
268,269
269,289
269,270
270,290
270,271
271,291
271,272
272,292
272,273
273,293
273,274
274,294
274,275
275,295
275,276
276,296
276,277
277,297
277,278
278,298
278,279
279,299
280,300
280,281
280,299
281,301
281,282
282,302
282,283
283,303
283,284
284,304
284,285
285,305
285,286
286,306
286,287
287,307
287,288
288,308
288,289
289,309
289,290
290,310
290,291
291,311
291,292
292,312
292,293
293,313
293,294
294,314
294,295
295,315
295,296
296,316
296,297
297,317
297,298
298,318
298,299
299,319
300,320
300,301
300,319
301,321
301,302
302,322
302,303
303,323
303,304
304,324
304,305
305,325
305,306
306,326
306,307
307,327
307,308
308,328
308,309
309,329
309,310
310,330
310,311
311,331
311,312
312,332
312,313
313,333
313,314
314,334
314,315
315,335
315,316
316,336
316,317
317,337
317,318
318,338
318,319
319,339
320,340
320,321
320,339
321,341
321,322
322,342
322,323
323,343
323,324
324,344
324,325
325,345
325,326
326,346
326,327
327,347
327,328
328,348
328,329
329,349
329,330
330,350
330,331
331,351
331,332
332,352
332,333
333,353
333,334
334,354
334,335
335,355
335,336
336,356
336,337
337,357
337,338
338,358
338,339
339,359
340,360
340,341
340,359
341,361
341,342
342,362
342,343
343,363
343,344
344,364
344,345
345,365
345,346
346,366
346,347
347,367
347,348
348,368
348,349
349,369
349,350
350,370
350,351
351,371
351,352
352,372
352,353
353,373
353,354
354,374
354,355
355,375
355,356
356,376
356,357
357,377
357,358
358,378
358,359
359,379
360,380
360,361
360,379
361,381
361,362
362,382
362,363
363,383
363,364
364,384
364,365
365,385
365,366
366,386
366,367
367,387
367,368
368,388
368,369
369,389
369,370
370,390
370,371
371,391
371,372
372,392
372,373
373,393
373,374
374,394
374,375
375,395
375,376
376,396
376,377
377,397
377,378
378,398
378,379
379,399
380,381
380,399
381,382
382,383
383,384
384,385
385,386
386,387
387,388
388,389
389,390
390,391
391,392
392,393
393,394
394,395
395,396
396,397
397,398
398,399
2,61,0,4
6,64,4,7
9,66,7,10
12,68,10,13
15,70,13,16
18,72,16,19
21,74,19,22
24,76,22,25
27,78,25,28
30,80,28,31
33,82,31,34
36,84,34,37
39,86,37,40
42,88,40,43
45,90,43,46
48,92,46,49
51,94,49,52
54,96,52,55
57,98,55,58
3,62,58,0
61,101,60,63
64,104,63,65
66,106,65,67
68,108,67,69
70,110,69,71
72,112,71,73
74,114,73,75
76,116,75,77
78,118,77,79
80,120,79,81
82,122,81,83
84,124,83,85
86,126,85,87
88,128,87,89
90,130,89,91
92,132,91,93
94,134,93,95
96,136,95,97
98,138,97,99
62,102,99,60
101,141,100,103
104,144,103,105
106,146,105,107
108,148,107,109
110,150,109,111
112,152,111,113
114,154,113,115
116,156,115,117
118,158,117,119
120,160,119,121
122,162,121,123
124,164,123,125
126,166,125,127
128,168,127,129
130,170,129,131
132,172,131,133
134,174,133,135
136,176,135,137
138,178,137,139
102,142,139,100
141,181,140,143
144,184,143,145
146,186,145,147
148,188,147,149
150,190,149,151
152,192,151,153
154,194,153,155
156,196,155,157
158,198,157,159
160,200,159,161
162,202,161,163
164,204,163,165
166,206,165,167
168,208,167,169
170,210,169,171
172,212,171,173
174,214,173,175
176,216,175,177
178,218,177,179
142,182,179,140
181,221,180,183
184,224,183,185
186,226,185,187
188,228,187,189
190,230,189,191
192,232,191,193
194,234,193,195
196,236,195,197
198,238,197,199
200,240,199,201
202,242,201,203
204,244,203,205
206,246,205,207
208,248,207,209
210,250,209,211
212,252,211,213
214,254,213,215
216,256,215,217
218,258,217,219
182,222,219,180
221,261,220,223
224,264,223,225
226,266,225,227
228,268,227,229
230,270,229,231
232,272,231,233
234,274,233,235
236,276,235,237
238,278,237,239
240,280,239,241
242,282,241,243
244,284,243,245
246,286,245,247
248,288,247,249
250,290,249,251
252,292,251,253
254,294,253,255
256,296,255,257
258,298,257,259
222,262,259,220
261,301,260,263
264,304,263,265
266,306,265,267
268,308,267,269
270,310,269,271
272,312,271,273
274,314,273,275
276,316,275,277
278,318,277,279
280,320,279,281
282,322,281,283
284,324,283,285
286,326,285,287
288,328,287,289
290,330,289,291
292,332,291,293
294,334,293,295
296,336,295,297
298,338,297,299
262,302,299,260
301,341,300,303
304,344,303,305
306,346,305,307
308,348,307,309
310,350,309,311
312,352,311,313
314,354,313,315
316,356,315,317
318,358,317,319
320,360,319,321
322,362,321,323
324,364,323,325
326,366,325,327
328,368,327,329
330,370,329,331
332,372,331,333
334,374,333,335
336,376,335,337
338,378,337,339
302,342,339,300
341,381,340,343
344,384,343,345
346,386,345,347
348,388,347,349
350,390,349,351
352,392,351,353
354,394,353,355
356,396,355,357
358,398,357,359
360,400,359,361
362,402,361,363
364,404,363,365
366,406,365,367
368,408,367,369
370,410,369,371
372,412,371,373
374,414,373,375
376,416,375,377
378,418,377,379
342,382,379,340
381,421,380,383
384,424,383,385
386,426,385,387
388,428,387,389
390,430,389,391
392,432,391,393
394,434,393,395
396,436,395,397
398,438,397,399
400,440,399,401
402,442,401,403
404,444,403,405
406,446,405,407
408,448,407,409
410,450,409,411
412,452,411,413
414,454,413,415
416,456,415,417
418,458,417,419
382,422,419,380
421,461,420,423
424,464,423,425
426,466,425,427
428,468,427,429
430,470,429,431
432,472,431,433
434,474,433,435
436,476,435,437
438,478,437,439
440,480,439,441
442,482,441,443
444,484,443,445
446,486,445,447
448,488,447,449
450,490,449,451
452,492,451,453
454,494,453,455
456,496,455,457
458,498,457,459
422,462,459,420
461,501,460,463
464,504,463,465
466,506,465,467
468,508,467,469
470,510,469,471
472,512,471,473
474,514,473,475
476,516,475,477
478,518,477,479
480,520,479,481
482,522,481,483
484,524,483,485
486,526,485,487
488,528,487,489
490,530,489,491
492,532,491,493
494,534,493,495
496,536,495,497
498,538,497,499
462,502,499,460
501,541,500,503
504,544,503,505
506,546,505,507
508,548,507,509
510,550,509,511
512,552,511,513
514,554,513,515
516,556,515,517
518,558,517,519
520,560,519,521
522,562,521,523
524,564,523,525
526,566,525,527
528,568,527,529
530,570,529,531
532,572,531,533
534,574,533,535
536,576,535,537
538,578,537,539
502,542,539,500
541,581,540,543
544,584,543,545
546,586,545,547
548,588,547,549
550,590,549,551
552,592,551,553
554,594,553,555
556,596,555,557
558,598,557,559
560,600,559,561
562,602,561,563
564,604,563,565
566,606,565,567
568,608,567,569
570,610,569,571
572,612,571,573
574,614,573,575
576,616,575,577
578,618,577,579
542,582,579,540
581,621,580,583
584,624,583,585
586,626,585,587
588,628,587,589
590,630,589,591
592,632,591,593
594,634,593,595
596,636,595,597
598,638,597,599
600,640,599,601
602,642,601,603
604,644,603,605
606,646,605,607
608,648,607,609
610,650,609,611
612,652,611,613
614,654,613,615
616,656,615,617
618,658,617,619
582,622,619,580
621,661,620,623
624,664,623,625
626,666,625,627
628,668,627,629
630,670,629,631
632,672,631,633
634,674,633,635
636,676,635,637
638,678,637,639
640,680,639,641
642,682,641,643
644,684,643,645
646,686,645,647
648,688,647,649
650,690,649,651
652,692,651,653
654,694,653,655
656,696,655,657
658,698,657,659
622,662,659,620
661,701,660,663
664,704,663,665
666,706,665,667
668,708,667,669
670,710,669,671
672,712,671,673
674,714,673,675
676,716,675,677
678,718,677,679
680,720,679,681
682,722,681,683
684,724,683,685
686,726,685,687
688,728,687,689
690,730,689,691
692,732,691,693
694,734,693,695
696,736,695,697
698,738,697,699
662,702,699,660
701,741,700,703
704,744,703,705
706,746,705,707
708,748,707,709
710,750,709,711
712,752,711,713
714,754,713,715
716,756,715,717
718,758,717,719
720,760,719,721
722,762,721,723
724,764,723,725
726,766,725,727
728,768,727,729
730,770,729,731
732,772,731,733
734,774,733,735
736,776,735,737
738,778,737,739
702,742,739,700
741,780,740,743
744,782,743,745
746,783,745,747
748,784,747,749
750,785,749,751
752,786,751,753
754,787,753,755
756,788,755,757
758,789,757,759
760,790,759,761
762,791,761,763
764,792,763,765
766,793,765,767
768,794,767,769
770,795,769,771
772,796,771,773
774,797,773,775
776,798,775,777
778,799,777,779
742,781,779,740
780,2,1,5
782,6,5,8
783,9,8,11
784,12,11,14
785,15,14,17
786,18,17,20
787,21,20,23
788,24,23,26
789,27,26,29
790,30,29,32
791,33,32,35
792,36,35,38
793,39,38,41
794,42,41,44
795,45,44,47
796,48,47,50
797,51,50,53
798,54,53,56
799,57,56,59
781,3,59,1
